,date,tz,lat,lon,temp_min,temp_max,temp_1200,temp_0000,temp_1800,temp_0600,cloud_cover,humidity,precipitation_tot,pressure,wind_max_speed,wind_direction
0,2014-01-01,+01:00,41.8002891,12.6004706,3.18,11.85,9.27,4.93,8.69,3.18,40.0,83.0,0.0,1019.0,2.57,60.0
1,2014-01-02,+01:00,41.8002891,12.6004706,2.4,12.69,10.36,4.7,10.88,4.51,75.0,84.0,0.65,1018.0,5.14,150.0
2,2014-01-03,+01:00,41.8002891,12.6004706,9.78,15.04,14.07,9.99,12.28,10.97,75.0,85.0,1.69,1020.0,5.14,160.0
3,2014-01-04,+01:00,41.8002891,12.6004706,10.19,14.56,14.46,10.19,14.12,11.29,40.0,82.0,3.56,1018.0,9.77,160.0
4,2014-01-05,+01:00,41.8002891,12.6004706,8.03,14.14,10.65,14.05,9.45,14.1,75.0,84.0,23.18,1006.0,10.8,150.0
5,2014-01-06,+01:00,41.8002891,12.6004706,4.28,13.63,10.86,8.15,9.92,5.14,0.0,75.0,0.0,1018.0,3.09,70.0
6,2014-01-07,+01:00,41.8002891,12.6004706,3.38,14.13,10.91,4.98,10.21,5.08,0.0,80.0,0.0,1023.0,1.54,40.0
7,2014-01-08,+01:00,41.8002891,12.6004706,3.67,12.7,9.82,6.87,10.25,4.17,0.0,91.0,0.0,1027.0,1.54,30.0
8,2014-01-09,+01:00,41.8002891,12.6004706,2.97,10.63,7.58,6.04,9.11,3.98,20.0,94.0,0.0,1025.0,1.03,40.0
9,2014-01-10,+01:00,41.8002891,12.6004706,8.97,11.86,10.8,9.71,11.0,9.87,75.0,91.0,0.0,1022.0,2.06,40.0
10,2014-01-11,+01:00,41.8002891,12.6004706,3.81,12.73,10.47,9.08,10.01,5.15,40.0,89.0,0.0,1022.0,1.03,30.0
11,2014-01-12,+01:00,41.8002891,12.6004706,4.97,11.73,9.64,7.14,10.03,6.05,40.0,91.0,0.0,1022.0,2.06,60.0
12,2014-01-13,+01:00,41.8002891,12.6004706,3.58,12.73,8.88,7.1,9.65,5.05,40.0,88.0,0.0,1019.0,2.06,50.0
13,2014-01-14,+01:00,41.8002891,12.6004706,9.08,11.83,10.92,9.82,11.01,11.64,75.0,91.0,16.83,1009.0,7.72,160.0
14,2014-01-15,+01:00,41.8002891,12.6004706,5.03,12.12,10.76,8.08,9.52,6.2,40.0,74.0,0.9,1010.0,3.6,140.0
15,2014-01-16,+01:00,41.8002891,12.6004706,3.7,11.78,8.12,5.88,8.79,4.17,40.0,78.0,0.0,1017.0,5.66,130.0
16,2014-01-17,+01:00,41.8002891,12.6004706,10.7,13.29,13.06,10.7,13.18,11.14,75.0,80.0,1.32,1014.0,9.77,150.0
17,2014-01-18,+01:00,41.8002891,12.6004706,12.3,15.83,15.63,13.12,14.7,12.3,40.0,65.0,2.06,1010.0,11.32,140.0
18,2014-01-19,+01:00,41.8002891,12.6004706,10.87,16.34,16.34,15.82,12.28,15.0,40.0,73.0,13.82,1003.0,10.8,150.0
19,2014-01-20,+01:00,41.8002891,12.6004706,9.04,12.86,11.66,10.2,9.86,10.26,75.0,70.0,11.25,999.0,5.14,120.0
20,2014-01-21,+01:00,41.8002891,12.6004706,7.76,12.62,10.64,8.87,10.87,8.87,40.0,71.0,0.57,1002.0,3.09,350.0
21,2014-01-22,+01:00,41.8002891,12.6004706,7.64,11.18,10.63,10.01,10.23,8.28,75.0,91.0,4.71,1012.0,4.12,180.0
22,2014-01-23,+01:00,41.8002891,12.6004706,6.05,12.5,12.26,7.42,11.55,6.38,75.0,72.0,2.85,1015.0,5.14,150.0
23,2014-01-24,+01:00,41.8002891,12.6004706,7.01,11.35,9.98,9.17,8.04,10.13,75.0,72.0,14.58,1003.0,5.66,160.0
24,2014-01-25,+01:00,41.8002891,12.6004706,4.05,10.73,10.04,6.93,7.11,6.25,20.0,51.0,0.21,1005.0,8.23,360.0
25,2014-01-26,+01:00,41.8002891,12.6004706,0.65,9.63,7.1,3.16,7.37,1.06,40.0,64.0,0.9,1007.0,5.14,40.0
26,2014-01-27,+01:00,41.8002891,12.6004706,0.2,8.35,7.89,2.81,6.52,0.52,75.0,68.0,6.81,1001.0,8.23,140.0
27,2014-01-28,+01:00,41.8002891,12.6004706,3.16,10.37,8.58,5.16,8.03,3.49,20.0,73.0,0.39,996.0,4.12,340.0
28,2014-01-29,+01:00,41.8002891,12.6004706,0.12,10.13,7.99,3.34,8.53,1.15,75.0,75.0,11.51,1005.0,7.72,130.0
29,2014-01-30,+01:00,41.8002891,12.6004706,10.9,13.23,12.45,10.96,13.14,11.93,40.0,86.0,18.45,1007.0,12.4,130.0
30,2014-01-31,+01:00,41.8002891,12.6004706,9.89,13.81,11.79,12.78,12.01,12.31,40.0,95.0,39.52,1008.0,16.5,140.0
31,2014-02-01,+01:00,41.8002891,12.6004706,10.16,13.98,13.62,11.07,11.19,12.06,40.0,78.0,11.89,1009.0,6.7,130.0
32,2014-02-02,+01:00,41.8002891,12.6004706,9.07,10.88,10.82,10.0,10.0,9.52,90.0,69.0,20.9,1005.0,3.6,50.0
33,2014-02-03,+01:00,41.8002891,12.6004706,8.95,12.93,12.72,9.91,10.7,10.18,75.0,87.0,5.89,1010.0,7.2,100.0
34,2014-02-04,+01:00,41.8002891,12.6004706,8.23,12.72,12.63,8.89,10.07,9.03,40.0,87.0,2.97,1015.0,5.66,170.0
35,2014-02-05,+01:00,41.8002891,12.6004706,7.16,11.53,10.3,8.28,10.44,8.16,40.0,88.0,10.15,1015.0,7.2,160.0
36,2014-02-06,+01:00,41.8002891,12.6004706,5.02,13.21,11.43,8.11,11.04,8.82,40.0,71.0,7.87,1013.0,9.26,160.0
37,2014-02-07,+01:00,41.8002891,12.6004706,3.09,14.95,14.13,5.05,12.75,3.09,20.0,64.0,2.41,1017.0,8.75,140.0
38,2014-02-08,+01:00,41.8002891,12.6004706,8.86,14.24,14.07,10.99,11.19,10.25,40.0,75.0,5.05,1013.0,7.72,150.0
39,2014-02-09,+01:00,41.8002891,12.6004706,8.97,13.98,11.88,11.84,11.53,11.14,75.0,90.0,13.18,1005.0,6.69,280.0
40,2014-02-10,+01:00,41.8002891,12.6004706,8.97,13.96,10.35,8.97,12.39,10.7,75.0,90.0,14.64,1005.0,15.43,150.0
41,2014-02-11,+01:00,41.8002891,12.6004706,8.98,13.71,12.69,13.71,11.4,12.66,75.0,80.0,12.57,1005.0,5.14,190.0
42,2014-02-12,+01:00,41.8002891,12.6004706,6.03,14.06,12.27,8.91,9.47,8.0,20.0,71.0,0.49,1007.0,3.09,320.0
43,2014-02-13,+01:00,41.8002891,12.6004706,3.14,13.97,13.11,5.64,10.94,3.46,40.0,70.0,0.0,1015.0,7.2,160.0
44,2014-02-14,+01:00,41.8002891,12.6004706,9.62,16.42,15.42,10.92,12.78,10.93,0.0,55.0,0.38,1011.0,7.2,160.0
45,2014-02-15,+01:00,41.8002891,12.6004706,5.76,17.34,16.84,8.26,14.85,6.09,20.0,59.0,0.0,1018.0,7.72,160.0
46,2014-02-16,+01:00,41.8002891,12.6004706,9.23,18.86,17.76,12.04,15.75,9.23,0.0,50.0,0.0,1018.0,8.75,150.0
47,2014-02-17,+01:00,41.8002891,12.6004706,9.95,18.9,18.81,13.83,15.75,10.33,0.0,50.0,0.0,1016.0,10.8,150.0
48,2014-02-18,+01:00,41.8002891,12.6004706,8.29,21.29,21.29,14.66,18.57,9.49,0.0,41.0,0.0,1017.0,13.38,130.0
49,2014-02-19,+01:00,41.8002891,12.6004706,12.99,19.66,16.36,18.83,13.91,16.64,40.0,77.0,1.28,1013.0,13.38,140.0
50,2014-02-20,+01:00,41.8002891,12.6004706,8.75,13.2,12.23,12.99,12.07,12.86,75.0,90.0,8.61,1012.0,6.17,160.0
51,2014-02-21,+01:00,41.8002891,12.6004706,4.78,15.17,13.22,7.83,12.07,5.32,20.0,77.0,0.0,1012.0,3.09,280.0
52,2014-02-22,+01:00,41.8002891,12.6004706,7.62,14.98,14.23,8.66,12.72,11.07,40.0,73.0,7.34,1013.0,5.66,200.0
53,2014-02-23,+01:00,41.8002891,12.6004706,3.83,14.07,9.91,6.99,11.68,4.98,0.0,72.0,0.0,1019.0,5.14,340.0
54,2014-02-24,+01:00,41.8002891,12.6004706,2.96,14.89,12.62,5.96,11.72,4.06,20.0,54.0,0.0,1019.0,3.09,60.0
55,2014-02-25,+01:00,41.8002891,12.6004706,3.02,14.83,13.8,7.15,11.65,3.73,20.0,61.0,0.0,1020.0,3.6,280.0
56,2014-02-26,+01:00,41.8002891,12.6004706,5.26,13.82,13.23,7.81,12.36,6.26,40.0,70.0,1.34,1022.0,6.69,160.0
57,2014-02-27,+01:00,41.8002891,12.6004706,8.05,14.77,13.94,9.28,11.69,9.83,40.0,78.0,3.67,1021.0,5.66,170.0
58,2014-02-28,+01:00,41.8002891,12.6004706,6.15,10.87,9.61,8.91,10.54,6.15,75.0,93.0,8.56,1012.0,7.2,200.0
59,2014-03-01,+01:00,41.8002891,12.6004706,5.99,10.14,8.6,8.91,7.46,8.03,75.0,93.0,29.79,997.0,10.29,140.0
60,2014-03-02,+01:00,41.8002891,12.6004706,3.08,9.28,7.46,5.99,9.14,5.2,75.0,82.0,1.85,996.0,6.17,110.0
61,2014-03-03,+01:00,41.8002891,12.6004706,1.1,13.97,12.81,3.91,11.07,1.41,20.0,72.0,5.14,999.0,7.2,140.0
62,2014-03-04,+01:00,41.8002891,12.6004706,6.12,10.5,10.5,8.03,9.57,8.81,40.0,76.0,13.99,989.0,7.2,130.0
63,2014-03-05,+01:00,41.8002891,12.6004706,2.28,15.33,13.02,6.12,13.07,3.24,20.0,62.0,0.0,1004.0,4.12,350.0
64,2014-03-06,+01:00,41.8002891,12.6004706,7.9,14.72,13.54,8.08,13.84,8.07,40.0,61.0,0.0,1013.0,6.69,350.0
65,2014-03-07,+01:00,41.8002891,12.6004706,6.16,17.7,15.79,7.99,14.97,7.24,20.0,51.0,0.0,1016.0,3.6,20.0
66,2014-03-08,+01:00,41.8002891,12.6004706,6.75,14.56,14.56,8.91,12.89,6.9,75.0,57.0,0.19,1020.0,4.12,50.0
67,2014-03-09,+01:00,41.8002891,12.6004706,5.33,17.54,16.14,7.08,14.28,6.24,20.0,37.0,0.0,1023.0,3.6,250.0
68,2014-03-10,+01:00,41.8002891,12.6004706,6.08,15.13,15.13,7.99,12.82,6.24,20.0,42.0,1.27,1016.0,4.12,190.0
69,2014-03-11,+01:00,41.8002891,12.6004706,5.85,14.04,14.04,7.75,11.89,6.86,75.0,53.0,0.0,1018.0,3.09,10.0
70,2014-03-12,+01:00,41.8002891,12.6004706,3.6,16.68,15.22,9.9,12.91,5.03,20.0,35.0,0.0,1028.0,4.12,230.0
71,2014-03-13,+01:00,41.8002891,12.6004706,3.17,17.74,16.49,7.02,15.33,3.99,0.0,49.0,0.0,1027.0,3.09,230.0
72,2014-03-14,+01:00,41.8002891,12.6004706,4.58,17.52,16.64,7.99,13.71,4.98,0.0,53.0,0.0,1024.0,3.6,220.0
73,2014-03-15,+01:00,41.8002891,12.6004706,7.32,17.54,16.45,10.83,13.75,8.68,20.0,47.0,0.0,1019.0,4.12,240.0
74,2014-03-16,+01:00,41.8002891,12.6004706,5.39,18.45,16.14,8.86,15.09,6.22,0.0,60.0,0.0,1016.0,3.09,270.0
75,2014-03-17,+01:00,41.8002891,12.6004706,5.92,19.04,17.66,9.53,15.53,5.92,1.0,67.0,0.0,1021.0,3.6,220.0
76,2014-03-18,+01:00,41.8002891,12.6004706,6.28,17.98,17.29,8.74,15.03,6.33,0.0,59.0,0.0,1022.0,4.63,210.0
77,2014-03-19,+01:00,41.8002891,12.6004706,7.71,17.6,16.19,10.2,15.05,8.7,40.0,67.0,0.0,1022.0,3.09,180.0
78,2014-03-20,+01:00,41.8002891,12.6004706,7.04,19.91,18.02,8.83,16.35,7.04,1.0,65.0,0.0,1023.0,4.63,240.0
79,2014-03-21,+01:00,41.8002891,12.6004706,7.62,18.79,18.62,11.37,15.48,7.89,1.0,52.0,0.0,1022.0,5.14,240.0
80,2014-03-22,+01:00,41.8002891,12.6004706,9.91,16.04,14.7,11.83,14.42,11.86,40.0,83.0,4.99,1017.0,6.69,170.0
81,2014-03-23,+01:00,41.8002891,12.6004706,9.24,14.46,14.46,13.21,11.84,12.1,75.0,83.0,17.6,1007.0,9.77,150.0
82,2014-03-24,+01:00,41.8002891,12.6004706,5.69,12.61,10.9,8.73,9.06,9.55,40.0,65.0,5.17,1006.0,7.72,180.0
83,2014-03-25,+01:00,41.8002891,12.6004706,2.74,12.6,12.6,4.91,8.13,2.91,40.0,50.0,6.65,1008.0,6.69,190.0
84,2014-03-26,+01:00,41.8002891,12.6004706,5.3,14.18,12.17,7.01,12.84,5.3,40.0,65.0,4.15,1006.0,5.66,180.0
85,2014-03-27,+01:00,41.8002891,12.6004706,7.95,10.99,10.15,10.79,9.96,9.11,75.0,74.0,10.47,999.0,7.2,60.0
86,2014-03-28,+01:00,41.8002891,12.6004706,5.23,16.18,12.66,7.99,14.9,6.72,75.0,66.0,0.44,1012.0,5.66,350.0
87,2014-03-29,+01:00,41.8002891,12.6004706,5.59,18.69,17.21,8.99,16.49,7.0,20.0,50.0,0.0,1020.0,4.12,290.0
88,2014-03-30,+01:00,41.8002891,12.6004706,7.69,19.38,18.31,10.91,16.63,7.69,20.0,43.0,0.0,1018.0,3.6,220.0
89,2014-03-31,+02:00,41.8002891,12.6004706,6.43,19.94,16.87,10.83,18.75,7.08,20.0,55.0,0.0,1016.0,4.12,270.0
90,2014-04-01,+02:00,41.8002891,12.6004706,5.8,18.73,16.43,10.9,16.36,6.88,20.0,50.0,0.0,1017.0,4.63,230.0
91,2014-04-02,+02:00,41.8002891,12.6004706,6.8,18.73,16.95,10.99,17.79,7.99,40.0,64.0,0.0,1017.0,3.09,220.0
92,2014-04-03,+02:00,41.8002891,12.6004706,8.87,20.32,15.31,11.08,19.99,9.16,20.0,70.0,0.0,1011.0,6.17,160.0
93,2014-04-04,+02:00,41.8002891,12.6004706,12.34,18.83,14.6,13.14,16.75,16.57,40.0,84.0,8.42,1003.0,11.32,160.0
94,2014-04-05,+02:00,41.8002891,12.6004706,9.6,16.15,15.23,11.91,15.73,9.99,40.0,64.0,1.74,1006.0,3.6,340.0
95,2014-04-06,+02:00,41.8002891,12.6004706,8.08,21.36,18.49,11.62,19.73,8.49,20.0,46.0,0.0,1013.0,5.14,240.0
96,2014-04-07,+02:00,41.8002891,12.6004706,9.85,22.97,20.23,13.82,20.52,11.17,20.0,45.0,0.0,1017.0,4.12,210.0
97,2014-04-08,+02:00,41.8002891,12.6004706,9.68,22.38,19.72,13.94,18.98,10.99,20.0,58.0,0.0,1020.0,3.6,230.0
98,2014-04-09,+02:00,41.8002891,12.6004706,12.99,20.31,17.36,13.96,18.4,12.99,75.0,69.0,0.86,1017.0,4.63,270.0
99,2014-04-10,+02:00,41.8002891,12.6004706,7.65,18.47,17.67,12.08,17.07,8.08,20.0,48.0,0.0,1019.0,4.63,290.0
100,2014-04-11,+02:00,41.8002891,12.6004706,6.68,19.73,18.1,10.74,17.92,7.99,20.0,49.0,0.0,1017.0,4.12,260.0
101,2014-04-12,+02:00,41.8002891,12.6004706,8.32,18.07,17.27,11.16,16.37,8.32,40.0,68.0,0.0,1017.0,5.66,210.0
102,2014-04-13,+02:00,41.8002891,12.6004706,10.89,19.17,17.23,12.02,16.88,11.12,20.0,64.0,1.34,1015.0,4.12,280.0
103,2014-04-14,+02:00,41.8002891,12.6004706,9.46,19.9,18.67,12.96,17.77,9.89,20.0,52.0,0.0,1018.0,4.63,230.0
104,2014-04-15,+02:00,41.8002891,12.6004706,7.62,17.62,16.44,13.02,11.16,11.29,40.0,59.0,5.4,1009.0,6.17,70.0
105,2014-04-16,+02:00,41.8002891,12.6004706,4.91,15.34,14.23,7.38,14.52,4.91,20.0,37.0,0.0,1015.0,7.72,360.0
106,2014-04-17,+02:00,41.8002891,12.6004706,4.84,15.47,14.06,7.15,14.72,4.99,20.0,28.0,0.0,1015.0,10.29,340.0
107,2014-04-18,+02:00,41.8002891,12.6004706,5.05,19.11,15.38,9.0,17.31,5.08,0.0,43.0,0.0,1009.0,5.14,260.0
108,2014-04-19,+02:00,41.8002891,12.6004706,11.19,14.3,13.5,12.76,14.3,12.89,75.0,77.0,10.03,1005.0,9.77,160.0
109,2014-04-20,+02:00,41.8002891,12.6004706,8.7,17.45,16.15,12.09,17.45,8.91,20.0,55.0,1.08,1006.0,4.12,160.0
110,2014-04-21,+02:00,41.8002891,12.6004706,9.09,20.97,18.97,13.07,19.41,10.13,0.0,41.0,0.75,1004.0,5.14,270.0
111,2014-04-22,+02:00,41.8002891,12.6004706,10.04,21.5,19.38,12.88,18.53,10.36,40.0,62.0,0.75,1012.0,6.69,170.0
112,2014-04-23,+02:00,41.8002891,12.6004706,13.97,22.12,18.45,15.12,20.8,14.02,40.0,74.0,8.48,1013.0,4.12,340.0
113,2014-04-24,+02:00,41.8002891,12.6004706,10.99,22.1,20.66,15.21,20.94,10.99,20.0,47.0,0.0,1013.0,9.26,350.0
114,2014-04-25,+02:00,41.8002891,12.6004706,11.11,22.69,20.53,14.91,19.59,11.72,20.0,54.0,0.0,1011.0,6.17,190.0
115,2014-04-26,+02:00,41.8002891,12.6004706,12.91,20.19,18.24,14.16,17.03,13.01,75.0,68.0,4.74,1009.0,4.63,260.0
116,2014-04-27,+02:00,41.8002891,12.6004706,12.25,17.25,17.05,12.99,12.95,14.11,75.0,74.0,6.4,1006.0,5.14,220.0
117,2014-04-28,+02:00,41.8002891,12.6004706,11.03,17.68,16.18,12.0,15.48,11.87,40.0,63.0,6.11,1005.0,4.12,270.0
118,2014-04-29,+02:00,41.8002891,12.6004706,9.29,17.34,15.66,12.16,16.5,9.29,40.0,54.0,2.06,1008.0,4.12,280.0
119,2014-04-30,+02:00,41.8002891,12.6004706,9.81,17.94,17.5,11.99,15.79,9.99,40.0,57.0,1.76,1010.0,5.66,200.0
120,2014-05-01,+02:00,41.8002891,12.6004706,8.98,20.03,18.11,14.03,18.68,9.08,20.0,49.0,3.24,1010.0,4.63,260.0
121,2014-05-02,+02:00,41.8002891,12.6004706,10.88,15.53,15.24,13.79,14.65,12.04,75.0,80.0,14.87,1008.0,6.17,210.0
122,2014-05-03,+02:00,41.8002891,12.6004706,9.81,16.32,14.82,11.93,14.91,10.0,40.0,67.0,13.38,1003.0,4.63,80.0
123,2014-05-04,+02:00,41.8002891,12.6004706,9.27,18.22,17.0,10.06,16.24,10.29,40.0,51.0,0.0,1006.0,5.66,340.0
124,2014-05-05,+02:00,41.8002891,12.6004706,7.67,19.48,18.81,10.16,18.32,8.15,0.0,40.0,0.0,1015.0,4.63,230.0
125,2014-05-06,+02:00,41.8002891,12.6004706,8.99,22.08,20.16,12.91,20.68,8.99,20.0,41.0,0.0,1020.0,4.12,240.0
126,2014-05-07,+02:00,41.8002891,12.6004706,10.97,20.66,18.67,14.74,18.51,11.16,40.0,58.0,0.0,1020.0,3.6,230.0
127,2014-05-08,+02:00,41.8002891,12.6004706,11.9,21.98,20.37,12.82,21.14,11.9,20.0,45.0,0.0,1017.0,3.6,280.0
128,2014-05-09,+02:00,41.8002891,12.6004706,11.0,23.0,21.35,14.12,21.49,11.0,40.0,56.0,0.0,1017.0,4.12,240.0
129,2014-05-10,+02:00,41.8002891,12.6004706,13.59,22.4,20.9,14.73,19.78,13.99,0.0,69.0,0.0,1017.0,4.12,210.0
130,2014-05-11,+02:00,41.8002891,12.6004706,14.15,21.26,20.91,16.0,20.04,14.15,40.0,65.0,0.0,1015.0,7.2,170.0
131,2014-05-12,+02:00,41.8002891,12.6004706,15.17,22.91,21.34,17.08,20.21,16.91,40.0,60.0,0.0,1013.0,4.63,180.0
132,2014-05-13,+02:00,41.8002891,12.6004706,14.11,20.6,16.99,15.02,18.18,15.92,75.0,90.0,5.32,1013.0,10.29,160.0
133,2014-05-14,+02:00,41.8002891,12.6004706,8.16,21.61,18.63,10.98,20.6,8.16,40.0,45.0,0.0,1014.0,9.77,340.0
134,2014-05-15,+02:00,41.8002891,12.6004706,9.25,21.27,19.29,12.03,16.87,9.25,20.0,41.0,1.8,1015.0,5.14,110.0
135,2014-05-16,+02:00,41.8002891,12.6004706,10.12,19.13,18.29,13.19,18.26,10.12,75.0,40.0,0.9,1012.0,5.66,340.0
136,2014-05-17,+02:00,41.8002891,12.6004706,12.08,21.69,19.4,15.02,20.11,12.99,40.0,47.0,0.11,1015.0,5.14,240.0
137,2014-05-18,+02:00,41.8002891,12.6004706,9.35,22.24,20.56,13.18,18.68,9.75,40.0,52.0,0.0,1017.0,5.14,150.0
138,2014-05-19,+02:00,41.8002891,12.6004706,13.03,20.07,19.97,14.08,17.3,13.28,75.0,42.0,3.12,1015.0,5.66,180.0
139,2014-05-20,+02:00,41.8002891,12.6004706,13.0,23.24,22.16,15.91,22.01,13.0,20.0,49.0,0.0,1018.0,3.6,230.0
140,2014-05-21,+02:00,41.8002891,12.6004706,13.26,24.43,24.02,16.14,24.09,13.26,20.0,53.0,0.0,1018.0,4.63,230.0
141,2014-05-22,+02:00,41.8002891,12.6004706,13.83,25.24,24.89,16.91,24.25,13.83,0.0,47.0,0.0,1017.0,4.63,210.0
142,2014-05-23,+02:00,41.8002891,12.6004706,16.94,22.62,18.2,18.08,20.06,17.99,40.0,92.0,3.06,1015.0,5.66,110.0
143,2014-05-24,+02:00,41.8002891,12.6004706,15.83,25.54,22.07,16.98,23.95,15.91,20.0,66.0,0.0,1015.0,4.63,270.0
144,2014-05-25,+02:00,41.8002891,12.6004706,13.89,26.94,24.72,16.8,24.78,13.89,75.0,53.0,0.68,1014.0,4.12,240.0
145,2014-05-26,+02:00,41.8002891,12.6004706,15.55,23.66,22.97,19.79,22.55,15.92,20.0,56.0,3.96,1015.0,4.12,240.0
146,2014-05-27,+02:00,41.8002891,12.6004706,13.91,20.21,19.68,16.0,19.38,14.95,75.0,63.0,0.0,1015.0,5.66,240.0
147,2014-05-28,+02:00,41.8002891,12.6004706,12.96,21.65,19.95,15.13,19.32,14.1,75.0,56.0,0.24,1012.0,6.17,200.0
148,2014-05-29,+02:00,41.8002891,12.6004706,13.86,22.63,22.06,14.91,21.06,13.91,20.0,36.0,0.0,1011.0,6.17,270.0
149,2014-05-30,+02:00,41.8002891,12.6004706,12.75,23.05,22.29,16.08,21.38,12.8,40.0,72.0,0.0,1012.0,5.14,250.0
150,2014-05-31,+02:00,41.8002891,12.6004706,12.24,22.45,20.93,15.81,18.22,12.91,40.0,66.0,3.67,1013.0,5.66,350.0
151,2014-06-01,+02:00,41.8002891,12.6004706,11.26,23.67,20.87,15.84,21.41,11.91,40.0,43.0,0.0,1015.0,4.63,220.0
152,2014-06-02,+02:00,41.8002891,12.6004706,11.71,23.78,22.08,15.0,21.93,12.01,40.0,45.0,0.0,1015.0,5.14,270.0
153,2014-06-03,+02:00,41.8002891,12.6004706,12.43,24.95,24.41,16.88,23.29,12.43,20.0,35.0,0.27,1011.0,4.12,230.0
154,2014-06-04,+02:00,41.8002891,12.6004706,13.91,25.72,24.81,17.82,24.23,13.91,20.0,37.0,0.0,1011.0,6.17,280.0
155,2014-06-05,+02:00,41.8002891,12.6004706,14.08,24.76,24.52,17.03,22.93,14.08,20.0,42.0,0.0,1016.0,4.63,210.0
156,2014-06-06,+02:00,41.8002891,12.6004706,13.95,27.24,25.07,19.0,26.35,13.95,0.0,44.0,0.0,1019.0,3.6,250.0
157,2014-06-07,+02:00,41.8002891,12.6004706,16.08,29.73,26.95,18.17,26.8,16.08,0.0,46.0,0.0,1017.0,4.12,260.0
158,2014-06-08,+02:00,41.8002891,12.6004706,16.82,30.67,28.4,19.97,29.5,16.82,0.0,48.0,0.0,1017.0,4.12,230.0
159,2014-06-09,+02:00,41.8002891,12.6004706,18.04,32.49,31.15,20.91,30.5,18.04,0.0,32.0,0.0,1017.0,4.63,240.0
160,2014-06-10,+02:00,41.8002891,12.6004706,19.66,32.3,31.52,22.66,28.51,19.75,20.0,35.0,0.24,1017.0,4.63,260.0
161,2014-06-11,+02:00,41.8002891,12.6004706,19.75,32.83,30.39,22.75,29.49,19.75,20.0,41.0,0.24,1017.0,4.12,250.0
162,2014-06-12,+02:00,41.8002891,12.6004706,20.22,32.69,31.0,22.82,25.94,20.23,0.0,45.0,0.0,1017.0,4.63,220.0
163,2014-06-13,+02:00,41.8002891,12.6004706,17.99,30.16,29.27,21.17,28.24,17.99,20.0,42.0,0.27,1014.0,4.63,230.0
164,2014-06-14,+02:00,41.8002891,12.6004706,18.1,27.83,27.75,22.71,20.19,20.74,40.0,59.0,1.97,1008.0,9.3,70.0
165,2014-06-15,+02:00,41.8002891,12.6004706,17.01,24.59,21.11,18.07,17.69,18.97,40.0,84.0,16.78,1008.0,6.69,10.0
166,2014-06-16,+02:00,41.8002891,12.6004706,15.08,22.76,20.43,16.96,22.65,15.08,40.0,78.0,41.28,1010.0,7.72,240.0
167,2014-06-17,+02:00,41.8002891,12.6004706,15.18,22.73,22.26,17.09,19.91,15.18,75.0,71.0,10.58,1010.0,6.17,180.0
168,2014-06-18,+02:00,41.8002891,12.6004706,15.42,22.97,21.95,16.99,21.67,15.42,40.0,68.0,8.27,1012.0,6.17,180.0
169,2014-06-19,+02:00,41.8002891,12.6004706,15.0,24.95,22.7,16.32,23.2,15.09,40.0,55.0,1.11,1013.0,6.17,270.0
170,2014-06-20,+02:00,41.8002891,12.6004706,14.89,25.45,24.47,17.91,24.99,14.89,20.0,46.0,0.0,1014.0,5.66,280.0
171,2014-06-21,+02:00,41.8002891,12.6004706,15.27,25.98,24.92,17.91,23.62,16.0,40.0,57.0,0.0,1015.0,5.14,210.0
172,2014-06-22,+02:00,41.8002891,12.6004706,15.18,27.18,25.23,19.04,24.18,15.18,0.0,52.0,0.0,1019.0,4.63,230.0
173,2014-06-23,+02:00,41.8002891,12.6004706,16.99,27.85,26.1,19.91,27.09,16.99,0.0,61.0,0.0,1021.0,6.17,190.0
174,2014-06-24,+02:00,41.8002891,12.6004706,17.12,28.96,28.78,20.99,26.67,17.12,20.0,28.0,0.0,1014.0,9.26,170.0
175,2014-06-25,+02:00,41.8002891,12.6004706,21.35,26.31,24.63,23.01,25.38,21.92,75.0,72.0,8.91,1011.0,6.17,170.0
176,2014-06-26,+02:00,41.8002891,12.6004706,18.81,24.91,20.68,20.86,24.88,18.91,40.0,90.0,14.69,1012.0,3.09,290.0
177,2014-06-27,+02:00,41.8002891,12.6004706,17.09,25.99,24.72,19.99,25.87,17.09,40.0,57.0,0.3,1015.0,4.63,270.0
178,2014-06-28,+02:00,41.8002891,12.6004706,18.2,26.05,26.05,20.83,25.24,18.91,20.0,56.0,0.0,1018.0,5.14,220.0
179,2014-06-29,+02:00,41.8002891,12.6004706,16.99,27.89,26.89,19.83,27.03,16.99,20.0,48.0,0.0,1013.0,8.23,150.0
180,2014-06-30,+02:00,41.8002891,12.6004706,20.68,26.18,24.9,23.08,25.65,20.99,40.0,56.0,4.64,1010.0,6.69,150.0
181,2014-07-01,+02:00,41.8002891,12.6004706,17.91,25.73,25.34,19.83,24.18,17.91,40.0,51.0,0.0,1017.0,5.66,190.0
182,2014-07-02,+02:00,41.8002891,12.6004706,15.91,26.03,24.84,19.66,25.21,15.99,40.0,52.0,0.0,1019.0,3.6,190.0
183,2014-07-03,+02:00,41.8002891,12.6004706,16.08,28.93,26.19,18.83,27.31,16.08,20.0,52.0,0.0,1023.0,5.14,230.0
184,2014-07-04,+02:00,41.8002891,12.6004706,18.99,31.33,28.84,21.83,29.33,18.99,0.0,54.0,0.0,1019.0,7.2,160.0
185,2014-07-05,+02:00,41.8002891,12.6004706,21.99,27.24,26.03,23.83,27.07,21.99,40.0,71.0,0.0,1013.0,5.14,140.0
186,2014-07-06,+02:00,41.8002891,12.6004706,17.99,28.54,27.58,21.91,27.89,17.99,20.0,52.0,0.0,1014.0,4.12,230.0
187,2014-07-07,+02:00,41.8002891,12.6004706,18.89,28.77,28.33,21.75,26.61,18.91,40.0,59.0,0.0,1016.0,5.66,190.0
188,2014-07-08,+02:00,41.8002891,12.6004706,19.81,25.62,24.93,22.83,23.72,22.08,75.0,72.0,2.2,1011.0,6.17,160.0
189,2014-07-09,+02:00,41.8002891,12.6004706,17.08,24.85,24.34,18.99,22.63,17.08,40.0,53.0,0.0,1010.0,5.66,220.0
190,2014-07-10,+02:00,41.8002891,12.6004706,17.99,24.03,22.09,18.99,19.04,18.08,75.0,47.0,2.7,1006.0,5.14,260.0
191,2014-07-11,+02:00,41.8002891,12.6004706,14.91,25.06,22.47,17.83,23.47,14.91,20.0,54.0,0.3,1008.0,5.66,270.0
192,2014-07-12,+02:00,41.8002891,12.6004706,18.13,24.97,22.42,20.83,23.76,18.75,40.0,69.0,0.29,1013.0,5.14,230.0
193,2014-07-13,+02:00,41.8002891,12.6004706,16.78,23.45,21.11,21.93,22.86,18.08,40.0,81.0,6.57,1013.0,5.14,160.0
194,2014-07-14,+02:00,41.8002891,12.6004706,17.08,24.06,23.87,18.99,22.98,17.08,40.0,62.0,4.89,1013.0,4.63,290.0
195,2014-07-15,+02:00,41.8002891,12.6004706,15.99,27.31,24.07,18.99,26.81,15.99,20.0,58.0,0.0,1015.0,4.12,230.0
196,2014-07-16,+02:00,41.8002891,12.6004706,18.99,30.8,28.23,21.83,27.52,18.99,20.0,42.0,0.0,1016.0,5.14,220.0
197,2014-07-17,+02:00,41.8002891,12.6004706,18.97,30.02,28.05,21.8,20.74,18.97,0.0,48.0,0.12,1016.0,6.17,10.0
198,2014-07-18,+02:00,41.8002891,12.6004706,17.61,31.17,28.25,20.02,30.44,17.61,20.0,50.0,0.0,1017.0,4.63,270.0
199,2014-07-19,+02:00,41.8002891,12.6004706,19.99,30.8,28.67,24.69,29.51,19.99,0.0,42.0,0.0,1016.0,4.12,260.0
200,2014-07-20,+02:00,41.8002891,12.6004706,20.64,32.12,30.15,24.34,28.93,20.64,0.0,43.0,0.0,1016.0,5.66,200.0
201,2014-07-21,+02:00,41.8002891,12.6004706,20.46,28.23,25.92,24.86,24.83,23.08,40.0,61.0,3.93,1011.0,7.72,170.0
202,2014-07-22,+02:00,41.8002891,12.6004706,18.8,23.23,22.24,20.26,21.46,18.99,40.0,76.0,7.09,1007.0,4.12,110.0
203,2014-07-23,+02:00,41.8002891,12.6004706,18.01,28.23,25.31,18.07,26.55,18.22,20.0,58.0,0.0,1008.0,4.63,270.0
204,2014-07-24,+02:00,41.8002891,12.6004706,19.98,26.74,25.57,22.03,25.77,19.98,40.0,59.0,2.13,1011.0,4.63,220.0
205,2014-07-25,+02:00,41.8002891,12.6004706,18.0,28.6,26.78,21.75,26.1,18.0,20.0,56.0,0.0,1014.0,4.12,220.0
206,2014-07-26,+02:00,41.8002891,12.6004706,20.0,27.02,23.45,21.72,27.02,20.04,40.0,81.0,1.35,1012.0,4.63,100.0
207,2014-07-27,+02:00,41.8002891,12.6004706,19.01,26.91,26.49,20.89,24.33,19.24,40.0,56.0,3.19,1010.0,5.66,280.0
208,2014-07-28,+02:00,41.8002891,12.6004706,19.16,27.35,26.21,20.05,27.13,19.21,40.0,61.0,0.0,1012.0,3.6,240.0
209,2014-07-29,+02:00,41.8002891,12.6004706,20.96,26.37,25.2,22.0,25.9,21.93,75.0,67.0,0.12,1010.0,6.69,170.0
210,2014-07-30,+02:00,41.8002891,12.6004706,17.85,22.93,21.69,19.92,22.93,18.17,40.0,65.0,26.07,1007.0,5.14,170.0
211,2014-07-31,+02:00,41.8002891,12.6004706,15.61,27.01,24.21,18.0,26.22,16.24,40.0,63.0,0.0,1010.0,5.14,280.0
212,2014-08-01,+02:00,41.8002891,12.6004706,19.03,28.96,26.33,21.0,26.6,19.08,20.0,57.0,0.0,1010.0,4.6,260.0
213,2014-08-02,+02:00,41.8002891,12.6004706,21.94,28.84,26.71,22.86,27.81,21.94,40.0,65.0,0.0,1012.0,4.63,170.0
214,2014-08-03,+02:00,41.8002891,12.6004706,20.91,27.74,21.53,22.99,27.68,21.0,75.0,83.0,1.91,1015.0,4.12,270.0
215,2014-08-04,+02:00,41.8002891,12.6004706,18.96,30.3,28.63,21.25,27.74,19.08,0.0,39.0,0.0,1014.0,4.63,270.0
216,2014-08-05,+02:00,41.8002891,12.6004706,19.79,29.98,28.34,23.75,28.3,20.91,20.0,39.0,0.0,1013.0,4.63,290.0
217,2014-08-06,+02:00,41.8002891,12.6004706,18.81,29.83,26.38,22.83,29.56,18.91,20.0,55.0,0.0,1011.0,5.66,330.0
218,2014-08-07,+02:00,41.8002891,12.6004706,19.08,29.74,27.09,22.91,28.64,19.08,20.0,48.0,0.0,1012.0,4.63,250.0
219,2014-08-08,+02:00,41.8002891,12.6004706,18.77,31.06,28.36,23.75,28.33,19.91,0.0,51.0,0.0,1014.0,4.12,250.0
220,2014-08-09,+02:00,41.8002891,12.6004706,19.75,29.04,26.93,22.83,27.89,19.9,0.0,58.0,0.0,1017.0,4.12,230.0
221,2014-08-10,+02:00,41.8002891,12.6004706,19.9,29.28,27.59,22.75,27.95,20.56,0.0,53.0,0.0,1016.0,4.12,230.0
222,2014-08-11,+02:00,41.8002891,12.6004706,20.11,32.26,30.09,22.75,29.45,20.83,0.0,36.0,0.0,1015.0,5.66,160.0
223,2014-08-12,+02:00,41.8002891,12.6004706,20.14,29.89,28.36,23.91,28.9,20.16,40.0,63.0,0.0,1013.0,4.63,230.0
224,2014-08-13,+02:00,41.8002891,12.6004706,22.03,30.73,28.74,23.99,29.4,22.03,20.0,67.0,0.0,1010.0,7.72,160.0
225,2014-08-14,+02:00,41.8002891,12.6004706,22.02,27.74,26.65,24.91,25.38,24.75,20.0,58.0,0.71,1011.0,5.14,200.0
226,2014-08-15,+02:00,41.8002891,12.6004706,20.6,26.79,25.14,21.83,26.37,20.83,40.0,49.0,0.0,1014.0,5.14,160.0
227,2014-08-16,+02:00,41.8002891,12.6004706,20.09,26.98,26.4,21.75,26.16,20.75,40.0,46.0,0.0,1014.0,4.63,270.0
228,2014-08-17,+02:00,41.8002891,12.6004706,16.94,27.54,24.64,21.75,26.68,17.91,20.0,52.0,0.0,1016.0,4.12,280.0
229,2014-08-18,+02:00,41.8002891,12.6004706,17.39,28.33,26.2,21.66,27.08,17.83,20.0,54.0,0.0,1016.0,3.6,230.0
230,2014-08-19,+02:00,41.8002891,12.6004706,17.81,28.09,24.81,20.75,26.81,19.66,20.0,52.0,0.0,1014.0,7.2,170.0
231,2014-08-20,+02:00,41.8002891,12.6004706,19.71,29.2,28.97,21.99,28.05,20.08,40.0,43.0,0.0,1014.0,6.69,180.0
232,2014-08-21,+02:00,41.8002891,12.6004706,22.84,29.24,28.69,24.67,26.92,25.39,40.0,53.0,1.84,1015.0,5.66,230.0
233,2014-08-22,+02:00,41.8002891,12.6004706,19.76,30.26,28.48,23.28,28.9,19.89,20.0,45.0,0.0,1015.0,4.12,220.0
234,2014-08-23,+02:00,41.8002891,12.6004706,19.0,28.53,28.05,22.42,25.21,19.81,40.0,42.0,1.18,1014.0,6.17,170.0
235,2014-08-24,+02:00,41.8002891,12.6004706,19.6,27.89,26.26,20.47,26.35,19.6,40.0,59.0,0.0,1015.0,7.2,160.0
236,2014-08-25,+02:00,41.8002891,12.6004706,18.63,29.21,27.31,20.6,27.91,18.84,40.0,59.0,0.0,1016.0,4.63,280.0
237,2014-08-26,+02:00,41.8002891,12.6004706,19.16,28.15,26.49,21.91,27.27,19.47,40.0,67.0,0.0,1016.0,4.12,240.0
238,2014-08-27,+02:00,41.8002891,12.6004706,22.12,29.36,27.68,23.75,28.24,23.57,40.0,60.0,0.0,1013.0,6.17,170.0
239,2014-08-28,+02:00,41.8002891,12.6004706,20.16,30.11,27.91,23.79,27.77,20.16,40.0,62.0,0.11,1012.0,4.63,230.0
240,2014-08-29,+02:00,41.8002891,12.6004706,19.7,30.25,28.84,23.75,28.55,20.89,20.0,56.0,0.12,1015.0,4.12,270.0
241,2014-08-30,+02:00,41.8002891,12.6004706,19.73,29.6,29.09,21.83,28.54,19.82,20.0,51.0,0.0,1015.0,4.12,190.0
242,2014-08-31,+02:00,41.8002891,12.6004706,19.73,28.53,26.72,22.71,26.37,19.89,40.0,67.0,0.11,1014.0,5.14,220.0
243,2014-09-01,+02:00,41.8002891,12.6004706,16.84,22.99,16.84,22.91,17.68,21.99,40.0,87.0,8.72,1002.0,11.32,340.0
244,2014-09-02,+02:00,41.8002891,12.6004706,16.99,26.4,24.18,17.08,22.8,17.08,40.0,53.0,0.0,1004.0,9.26,360.0
245,2014-09-03,+02:00,41.8002891,12.6004706,15.99,25.65,24.5,18.99,21.64,15.99,20.0,51.0,0.2,1008.0,4.12,90.0
246,2014-09-04,+02:00,41.8002891,12.6004706,16.07,25.51,24.13,18.07,23.76,16.07,40.0,61.0,0.0,1011.0,3.6,280.0
247,2014-09-05,+02:00,41.8002891,12.6004706,17.86,26.51,24.82,21.91,24.71,18.91,20.0,59.0,0.9,1011.0,5.14,280.0
248,2014-09-06,+02:00,41.8002891,12.6004706,18.25,26.33,23.9,20.91,26.33,19.83,20.0,66.0,0.43,1009.0,4.12,260.0
249,2014-09-07,+02:00,41.8002891,12.6004706,17.28,27.51,24.74,20.83,26.65,18.8,0.0,49.0,0.0,1013.0,4.63,270.0
250,2014-09-08,+02:00,41.8002891,12.6004706,17.2,28.86,26.21,20.82,25.99,17.9,20.0,54.0,0.0,1016.0,4.12,280.0
251,2014-09-09,+02:00,41.8002891,12.6004706,18.19,27.99,25.5,21.75,25.9,18.83,20.0,60.0,0.0,1017.0,27.78,230.0
252,2014-09-10,+02:00,41.8002891,12.6004706,18.03,27.17,25.07,20.91,24.22,18.91,40.0,65.0,10.74,1013.0,6.69,200.0
253,2014-09-11,+02:00,41.8002891,12.6004706,17.8,23.41,22.31,19.81,23.41,18.9,40.0,85.0,20.49,1009.0,4.63,60.0
254,2014-09-12,+02:00,41.8002891,12.6004706,18.82,25.41,23.63,19.99,23.95,19.06,75.0,66.0,4.98,1009.0,8.23,180.0
255,2014-09-13,+02:00,41.8002891,12.6004706,14.48,25.24,22.26,18.03,24.21,14.99,20.0,59.0,0.0,1014.0,3.6,230.0
256,2014-09-14,+02:00,41.8002891,12.6004706,14.47,25.35,23.21,16.91,24.36,14.99,20.0,47.0,0.0,1014.0,3.6,250.0
257,2014-09-15,+02:00,41.8002891,12.6004706,15.9,25.84,24.69,19.72,24.24,16.96,40.0,60.0,0.0,1016.0,3.6,230.0
258,2014-09-16,+02:00,41.8002891,12.6004706,18.31,26.65,25.33,19.91,25.23,18.83,20.0,58.0,0.0,1014.0,4.12,240.0
259,2014-09-17,+02:00,41.8002891,12.6004706,16.37,25.66,24.63,19.91,24.65,16.91,20.0,58.0,0.0,1015.0,3.6,230.0
260,2014-09-18,+02:00,41.8002891,12.6004706,17.99,27.63,25.57,19.83,26.26,18.91,75.0,51.0,0.0,1015.0,5.14,170.0
261,2014-09-19,+02:00,41.8002891,12.6004706,19.86,28.41,25.97,22.91,26.89,20.16,40.0,62.0,0.16,1018.0,7.72,140.0
262,2014-09-20,+02:00,41.8002891,12.6004706,23.92,29.4,28.01,24.88,27.62,24.83,20.0,64.0,0.63,1017.0,4.63,170.0
263,2014-09-21,+02:00,41.8002891,12.6004706,20.65,28.35,26.87,23.89,25.07,21.08,75.0,67.0,0.0,1016.0,5.66,170.0
264,2014-09-22,+02:00,41.8002891,12.6004706,21.99,26.26,25.43,22.89,24.12,21.99,40.0,71.0,0.0,1011.0,4.63,220.0
265,2014-09-23,+02:00,41.8002891,12.6004706,16.82,26.65,24.81,21.99,23.75,19.83,40.0,48.0,0.0,1012.0,4.12,30.0
266,2014-09-24,+02:00,41.8002891,12.6004706,16.86,23.87,19.5,18.77,22.1,17.83,75.0,65.0,0.6,1016.0,3.6,230.0
267,2014-09-25,+02:00,41.8002891,12.6004706,16.85,22.52,21.9,19.99,21.09,17.16,40.0,75.0,5.61,1015.0,5.14,40.0
268,2014-09-26,+02:00,41.8002891,12.6004706,14.51,24.72,22.31,17.91,24.33,14.99,20.0,55.0,0.0,1019.0,2.57,40.0
269,2014-09-27,+02:00,41.8002891,12.6004706,12.82,26.13,21.25,16.99,24.86,13.08,20.0,50.0,0.0,1023.0,3.09,50.0
270,2014-09-28,+02:00,41.8002891,12.6004706,13.69,25.01,23.11,17.83,23.58,14.99,40.0,54.0,0.0,1026.0,4.12,240.0
271,2014-09-29,+02:00,41.8002891,12.6004706,15.54,24.93,23.9,18.91,22.93,17.08,40.0,60.0,0.0,1027.0,3.6,230.0
272,2014-09-30,+02:00,41.8002891,12.6004706,13.41,25.45,23.25,16.91,23.71,14.83,20.0,53.0,0.0,1026.0,3.09,200.0
273,2014-10-01,+02:00,41.8002891,12.6004706,15.07,24.74,23.92,17.83,22.47,15.91,40.0,57.0,3.1,1024.0,5.66,150.0
274,2014-10-02,+02:00,41.8002891,12.6004706,16.09,23.27,20.25,17.08,18.49,16.16,40.0,86.0,10.79,1020.0,5.14,170.0
275,2014-10-03,+02:00,41.8002891,12.6004706,14.07,24.9,22.0,15.99,21.88,14.16,20.0,66.0,2.22,1019.0,7.72,120.0
276,2014-10-04,+02:00,41.8002891,12.6004706,13.76,22.97,20.6,16.91,22.37,14.08,20.0,64.0,0.77,1016.0,3.6,260.0
277,2014-10-05,+02:00,41.8002891,12.6004706,13.26,24.72,19.88,16.99,22.89,14.08,0.0,62.0,0.3,1014.0,3.6,220.0
278,2014-10-06,+02:00,41.8002891,12.6004706,13.66,24.03,21.47,15.99,22.78,13.99,40.0,64.0,0.0,1014.0,3.6,260.0
279,2014-10-07,+02:00,41.8002891,12.6004706,13.86,24.34,21.72,17.75,23.06,14.83,40.0,69.0,0.0,1018.0,4.63,200.0
280,2014-10-08,+02:00,41.8002891,12.6004706,15.61,25.31,23.22,18.99,23.22,16.08,40.0,65.0,0.0,1019.0,5.66,180.0
281,2014-10-09,+02:00,41.8002891,12.6004706,14.24,26.18,23.9,17.08,23.34,14.24,0.0,60.0,0.0,1019.0,5.14,170.0
282,2014-10-10,+02:00,41.8002891,12.6004706,14.79,26.19,23.9,18.91,24.45,15.24,0.0,50.0,0.0,1019.0,4.63,180.0
283,2014-10-11,+02:00,41.8002891,12.6004706,15.14,25.61,24.54,17.16,23.58,15.24,0.0,42.0,0.0,1017.0,4.12,200.0
284,2014-10-12,+02:00,41.8002891,12.6004706,17.16,25.58,24.27,20.08,23.94,18.99,40.0,66.0,0.28,1017.0,5.14,190.0
285,2014-10-13,+02:00,41.8002891,12.6004706,17.52,26.78,24.38,19.99,23.97,18.16,20.0,62.0,0.0,1016.0,6.69,160.0
286,2014-10-14,+02:00,41.8002891,12.6004706,19.08,27.34,25.06,20.08,25.38,19.08,40.0,65.0,1.82,1013.0,7.72,160.0
287,2014-10-15,+02:00,41.8002891,12.6004706,21.73,26.97,26.25,24.83,23.97,24.75,75.0,59.0,0.74,1008.0,8.75,150.0
288,2014-10-16,+02:00,41.8002891,12.6004706,19.96,24.69,23.9,21.91,22.91,20.99,40.0,71.0,4.19,1016.0,4.63,170.0
289,2014-10-17,+02:00,41.8002891,12.6004706,18.7,25.53,23.85,20.91,22.72,19.45,40.0,74.0,1.46,1019.0,4.63,170.0
290,2014-10-18,+02:00,41.8002891,12.6004706,16.49,25.6,23.11,19.99,23.86,16.99,20.0,70.0,0.0,1023.0,2.57,270.0
291,2014-10-19,+02:00,41.8002891,12.6004706,16.31,25.54,24.2,19.83,23.6,17.08,20.0,68.0,0.0,1025.0,3.09,240.0
292,2014-10-20,+02:00,41.8002891,12.6004706,15.76,25.33,22.48,18.83,22.94,15.98,20.0,75.0,0.0,1023.0,3.09,270.0
293,2014-10-21,+02:00,41.8002891,12.6004706,16.47,24.4,22.47,17.83,22.69,16.83,40.0,70.0,2.53,1015.0,4.63,170.0
294,2014-10-22,+02:00,41.8002891,12.6004706,10.26,21.08,19.6,21.08,16.85,19.91,40.0,33.0,1.22,1004.0,10.8,350.0
295,2014-10-23,+02:00,41.8002891,12.6004706,5.63,17.28,12.64,10.08,15.7,7.08,20.0,40.0,0.0,1007.0,8.23,340.0
296,2014-10-24,+02:00,41.8002891,12.6004706,8.89,20.15,17.84,11.08,17.53,9.08,20.0,50.0,0.0,1011.0,8.23,340.0
297,2014-10-25,+02:00,41.8002891,12.6004706,9.08,20.14,15.81,12.08,18.21,9.08,0.0,54.0,0.0,1017.0,3.6,40.0
298,2014-10-26,+02:00,41.8002891,12.6004706,8.16,18.32,16.32,11.08,17.72,8.16,40.0,54.0,0.0,1020.0,2.57,60.0
299,2014-10-27,+01:00,41.8002891,12.6004706,8.27,19.74,16.85,11.08,15.83,9.24,40.0,56.0,0.0,1022.0,2.57,40.0
300,2014-10-28,+01:00,41.8002891,12.6004706,9.92,18.81,17.72,10.62,15.43,10.07,40.0,50.0,0.26,1019.0,2.57,350.0
301,2014-10-29,+01:00,41.8002891,12.6004706,7.99,18.83,18.12,10.08,15.62,8.2,75.0,58.0,0.9,1018.0,2.06,40.0
302,2014-10-30,+01:00,41.8002891,12.6004706,9.75,20.16,18.54,11.99,17.4,9.98,0.0,52.0,0.0,1021.0,5.14,320.0
303,2014-10-31,+01:00,41.8002891,12.6004706,7.93,20.03,18.11,10.99,15.61,8.41,0.0,42.0,0.0,1022.0,2.57,50.0
304,2014-11-01,+01:00,41.8002891,12.6004706,7.41,19.74,17.93,10.08,16.73,7.41,20.0,49.0,0.0,1023.0,2.06,40.0
305,2014-11-02,+01:00,41.8002891,12.6004706,6.71,19.86,18.07,10.08,14.98,7.15,0.0,52.0,0.0,1022.0,2.57,270.0
306,2014-11-03,+01:00,41.8002891,12.6004706,8.87,20.19,19.56,10.99,16.29,9.37,40.0,64.0,0.0,1020.0,4.63,190.0
307,2014-11-04,+01:00,41.8002891,12.6004706,14.84,21.06,20.54,14.91,18.12,14.86,20.0,68.0,2.28,1013.0,11.83,140.0
308,2014-11-05,+01:00,41.8002891,12.6004706,17.99,21.97,21.41,18.99,19.99,19.07,40.0,69.0,36.74,1005.0,11.83,150.0
309,2014-11-06,+01:00,41.8002891,12.6004706,14.08,17.85,16.88,16.99,14.9,15.41,40.0,90.0,35.21,1008.0,6.17,150.0
310,2014-11-07,+01:00,41.8002891,12.6004706,13.88,19.13,17.87,14.08,16.82,14.03,40.0,90.0,32.98,1005.0,5.14,130.0
311,2014-11-08,+01:00,41.8002891,12.6004706,13.05,19.85,18.35,15.08,16.89,13.2,40.0,83.0,3.68,1010.0,3.09,240.0
312,2014-11-09,+01:00,41.8002891,12.6004706,12.25,20.13,20.03,14.99,17.07,13.98,40.0,64.0,1.15,1013.0,4.12,240.0
313,2014-11-10,+01:00,41.8002891,12.6004706,14.08,19.97,19.88,14.99,17.03,14.2,40.0,61.0,0.0,1017.0,7.2,170.0
314,2014-11-11,+01:00,41.8002891,12.6004706,11.97,20.36,19.22,13.16,17.89,14.37,40.0,65.0,1.22,1012.0,5.14,130.0
315,2014-11-12,+01:00,41.8002891,12.6004706,12.99,17.91,15.92,16.08,15.03,14.81,75.0,86.0,15.47,1004.0,5.66,130.0
316,2014-11-13,+01:00,41.8002891,12.6004706,11.08,17.52,15.63,12.16,14.72,13.2,40.0,84.0,4.01,1008.0,6.17,150.0
317,2014-11-14,+01:00,41.8002891,12.6004706,8.92,19.0,16.53,11.08,14.7,9.2,20.0,74.0,0.0,1013.0,2.06,230.0
318,2014-11-15,+01:00,41.8002891,12.6004706,10.16,17.76,17.37,13.08,16.03,10.8,40.0,70.0,23.43,1012.0,10.29,150.0
319,2014-11-16,+01:00,41.8002891,12.6004706,10.9,18.34,18.25,14.16,12.03,13.67,40.0,61.0,12.65,1010.0,5.14,160.0
320,2014-11-17,+01:00,41.8002891,12.6004706,11.24,17.03,16.97,11.99,15.67,12.84,40.0,72.0,20.61,1010.0,9.26,150.0
321,2014-11-18,+01:00,41.8002891,12.6004706,12.67,17.7,17.27,13.08,15.18,12.67,40.0,59.0,3.61,1010.0,5.66,210.0
322,2014-11-19,+01:00,41.8002891,12.6004706,9.91,17.91,17.32,14.16,14.55,15.03,20.0,56.0,2.82,1016.0,3.6,180.0
323,2014-11-20,+01:00,41.8002891,12.6004706,6.96,16.69,15.05,9.91,13.29,7.17,0.0,64.0,0.0,1023.0,2.06,20.0
324,2014-11-21,+01:00,41.8002891,12.6004706,5.76,16.9,14.4,8.99,12.62,6.08,20.0,65.0,0.0,1023.0,2.06,50.0
325,2014-11-22,+01:00,41.8002891,12.6004706,6.9,18.89,16.18,9.08,14.98,7.37,20.0,65.0,0.0,1024.0,2.06,180.0
326,2014-11-23,+01:00,41.8002891,12.6004706,10.99,17.38,15.18,12.16,13.42,11.41,40.0,86.0,0.83,1025.0,1.54,140.0
327,2014-11-24,+01:00,41.8002891,12.6004706,10.16,18.04,16.65,10.16,14.74,10.71,1.0,74.0,0.35,1023.0,0.51,30.0
328,2014-11-25,+01:00,41.8002891,12.6004706,9.54,17.69,16.37,11.24,14.59,10.2,1.0,77.0,0.0,1021.0,1.54,50.0
329,2014-11-26,+01:00,41.8002891,12.6004706,11.24,16.7,16.7,14.08,14.5,12.37,40.0,82.0,5.49,1015.0,3.6,170.0
330,2014-11-27,+01:00,41.8002891,12.6004706,12.21,19.09,18.22,13.99,15.59,12.24,20.0,78.0,1.78,1014.0,5.14,170.0
331,2014-11-28,+01:00,41.8002891,12.6004706,12.24,19.76,18.88,13.16,17.74,13.9,40.0,54.0,0.0,1010.0,8.75,140.0
332,2014-11-29,+01:00,41.8002891,12.6004706,16.69,18.97,18.86,17.91,17.2,17.81,75.0,68.0,1.6,1012.0,7.72,110.0
333,2014-11-30,+01:00,41.8002891,12.6004706,17.99,23.4,22.54,18.08,21.6,20.6,0.0,47.0,0.41,1009.0,9.26,140.0
334,2014-12-01,+01:00,41.8002891,12.6004706,12.08,19.75,19.36,18.83,15.76,17.86,40.0,78.0,5.98,1002.0,13.89,140.0
335,2014-12-02,+01:00,41.8002891,12.6004706,10.99,15.21,13.12,12.99,14.02,11.03,40.0,75.0,4.82,1001.0,8.75,120.0
336,2014-12-03,+01:00,41.8002891,12.6004706,12.16,16.02,16.02,13.08,14.89,12.98,40.0,86.0,22.42,1004.0,9.77,140.0
337,2014-12-04,+01:00,41.8002891,12.6004706,9.99,16.91,15.79,12.16,11.1,11.15,40.0,77.0,9.68,1012.0,3.6,180.0
338,2014-12-05,+01:00,41.8002891,12.6004706,9.26,12.07,11.23,11.16,10.29,10.32,75.0,89.0,6.79,1013.0,5.14,140.0
339,2014-12-06,+01:00,41.8002891,12.6004706,9.16,14.21,14.21,10.16,12.45,10.2,40.0,66.0,8.06,1014.0,4.12,160.0
340,2014-12-07,+01:00,41.8002891,12.6004706,7.24,13.88,13.05,11.16,10.15,9.15,40.0,77.0,3.64,1012.0,3.09,150.0
341,2014-12-08,+01:00,41.8002891,12.6004706,4.04,13.9,11.42,6.32,9.98,5.54,0.0,73.0,0.0,1012.0,3.09,40.0
342,2014-12-09,+01:00,41.8002891,12.6004706,4.05,14.82,12.25,7.08,9.8,4.75,20.0,55.0,0.0,1008.0,4.63,350.0
343,2014-12-10,+01:00,41.8002891,12.6004706,5.08,13.07,11.25,5.16,9.03,5.28,0.0,55.0,0.0,1017.0,3.6,20.0
344,2014-12-11,+01:00,41.8002891,12.6004706,3.08,12.72,9.94,5.08,8.7,4.2,20.0,66.0,0.0,1016.0,3.09,50.0
345,2014-12-12,+01:00,41.8002891,12.6004706,0.76,12.91,9.15,4.16,8.67,2.37,0.0,69.0,0.0,1021.0,2.06,40.0
346,2014-12-13,+01:00,41.8002891,12.6004706,8.15,16.14,16.14,9.91,12.2,8.15,20.0,55.0,0.12,1024.0,5.14,160.0
347,2014-12-14,+01:00,41.8002891,12.6004706,11.05,14.97,14.76,11.16,13.86,12.73,75.0,64.0,0.0,1023.0,5.14,140.0
348,2014-12-15,+01:00,41.8002891,12.6004706,12.35,14.84,14.84,12.99,12.89,12.96,75.0,65.0,2.98,1019.0,6.69,130.0
349,2014-12-16,+01:00,41.8002891,12.6004706,8.03,14.83,10.03,13.83,10.0,13.81,75.0,91.0,12.29,1010.0,8.23,130.0
350,2014-12-17,+01:00,41.8002891,12.6004706,6.88,14.54,13.19,8.97,10.82,7.03,20.0,72.0,1.24,1012.0,2.06,20.0
351,2014-12-18,+01:00,41.8002891,12.6004706,5.32,15.07,11.68,7.97,10.65,6.98,0.0,76.0,0.0,1018.0,1.54,60.0
352,2014-12-19,+01:00,41.8002891,12.6004706,4.1,15.36,12.28,6.97,11.65,4.93,40.0,70.0,0.0,1024.0,1.54,60.0
353,2014-12-20,+01:00,41.8002891,12.6004706,6.97,13.42,10.9,6.97,11.59,7.24,40.0,85.0,0.0,1023.0,2.06,110.0
354,2014-12-21,+01:00,41.8002891,12.6004706,5.68,14.55,11.99,8.99,11.91,6.98,0.0,82.0,0.0,1025.0,4.12,30.0
355,2014-12-22,+01:00,41.8002891,12.6004706,4.05,15.56,12.34,8.97,9.74,4.93,0.0,71.0,0.0,1031.0,1.54,310.0
356,2014-12-23,+01:00,41.8002891,12.6004706,4.89,13.14,10.93,6.03,10.74,5.09,75.0,76.0,0.0,1030.0,1.54,60.0
357,2014-12-24,+01:00,41.8002891,12.6004706,9.97,12.86,11.15,9.97,11.9,10.93,90.0,66.0,0.0,1028.0,3.09,70.0
358,2014-12-25,+01:00,41.8002891,12.6004706,9.04,14.58,13.61,10.97,11.41,10.01,75.0,69.0,0.16,1023.0,2.1,180.0
359,2014-12-26,+01:00,41.8002891,12.6004706,4.94,12.24,11.36,9.97,8.07,8.98,0.0,71.0,0.0,1016.0,6.17,360.0
360,2014-12-27,+01:00,41.8002891,12.6004706,0.31,10.85,8.94,4.94,7.76,1.2,40.0,35.0,16.33,1016.0,9.8,150.0
361,2014-12-28,+01:00,41.8002891,12.6004706,4.0,10.67,6.71,10.67,4.97,7.02,40.0,84.0,8.5,996.0,6.7,360.0
362,2014-12-29,+01:00,41.8002891,12.6004706,1.03,6.96,6.25,4.13,4.07,3.02,0.0,43.0,0.0,1017.0,8.8,10.0
363,2014-12-30,+01:00,41.8002891,12.6004706,-0.95,4.16,3.47,0.66,1.11,-0.87,0.0,28.0,0.0,1023.0,10.8,10.0
364,2014-12-31,+01:00,41.8002891,12.6004706,-1.43,2.36,2.25,0.14,0.94,-0.08,20.0,40.0,0.0,1020.0,9.8,20.0
